config_name,overall_score,column_shapes_score,column_pair_trends_score
baseline,0.8409633782069437,0.8520430509306661,0.8298837054832212
small_model,0.8262046435192067,0.8525785616093338,0.7998307254290798
large_model,0.8369854628372304,0.8449733691303141,0.8289975565441469
deep_model,0.8351265189081992,0.8374750384434332,0.8327779993729653
high_lr,0.8358247737668714,0.8344384040331438,0.8372111435005988
large_batch,0.8176014287661002,0.8191869501507846,0.8160159073814159
