config_name,overall_score,column_shapes_score,column_pair_trends_score
baseline,0.8754431560876719,0.8787216544940627,0.872164657681281
small_model,0.8799965754715622,0.890545052997333,0.8694480979457913
large_model,0.8554912275569193,0.857401355361175,0.8535810997526635
deep_model,0.8615062330353724,0.8571373649433586,0.8658751011273862
high_lr,0.8738789490318277,0.8752325592188366,0.8725253388448188
large_batch,0.8365034520753428,0.8394490462492229,0.8335578579014628
