feature,importance
CDRSUM,0.2877764372103382
MMSE,0.16781175020714836
LASSI_B_CR2,0.1535656933092227
HVLT_DR,0.14718508970322078
CDRGLOB,0.12580931574541176
APOE,0.0638625683424756
AMYLPET,0.05398914548218264
