feature,importance
CDRSUM,0.20797584097865385
PTAU_217_CONCNTRTN,0.15969327944399647
MMSE,0.13606484950993572
CDRGLOB,0.12194699327135619
LASSI_A_CR2,0.11676340729521295
LASSI_B_CR1,0.11375332886364448
HVLT_DR,0.10378411299412427
AMYLPET,0.040018187643076096
